{
  "national": {
    "unemployment_rate": 4.133598435245746,
    "lfpr": 53.8808017006671,
    "wpr": 51.65358572467046
  },
  "by_gender": {
    "unemployment": {
      "1": 3.831924461887522,
      "2": 4.881509555443574,
      "3": 0.0
    },
    "lfpr": {
      "1": 77.16540204807296,
      "2": 30.826627879159613,
      "3": 9.301192917114157
    },
    "wpr": {
      "1": 74.208482130879,
      "2": 29.321823093617407,
      "3": 9.301192917114157
    }
  },
  "by_sector": {
    "unemployment": {
      "1": 3.5072197321516936,
      "2": 5.71955870252677
    },
    "lfpr": {
      "1": 55.68022329507003,
      "2": 49.80545820887549
    },
    "wpr": {
      "1": 53.727395516759195,
      "2": 46.95680578955641
    }
  }
}